date,MAIN_USD,SP500_total_return_USD
2007-10-09,10000,10000
2007-11,9745.282672082374,9490.443762792407
2007-12,9621.66133158757,9424.608414517159
2008-01,9202.733976481468,8859.310578083385
2008-02,9299.409277771687,8571.53347264576
2008-03,9637.580377446056,8534.508759073475
2008-04,9123.290664507604,8950.155317226769
2008-05,9823.33353982544,9066.092256487182
2008-06,8562.822809543148,8301.777854711672
2008-07,8816.363368594157,8231.979136060085
2008-08,10418.340151377342,8351.062327927619
2008-09,8685.13514226191,7606.9354242502395
2008-10,8368.68349632435,6329.346350681206
2008-11,7314.74804670143,5875.203967660494
2008-12,7622.946567845369,5937.728442532626
2009-01,7959.37416046987,5437.244307737127
2009-02,7927.5903811621265,4858.297411911662
2009-03,8094.797036494554,5283.874594870716
2009-04,9627.1020181468,5789.5896801717245
2009-05,9975.785323984148,6113.410758318214
2009-06,11440.683095829367,6125.547800641223
2009-07,10985.566359177094,6588.844596472027
2009-08,11165.049193267874,6826.724639792239
2009-09,12219.469518892021,7081.482305509259
2009-10,11513.841911060044,6949.935323981209
2009-11,12403.360316630326,7366.808057639228
2009-12,14090.372228128806,7509.102781742256
2010-01,12491.785641672384,7238.97951069711
2010-02,12948.834798102278,7463.2104946256295
2010-03,14103.402483525433,7913.593038435963
2010-04,14423.260068517073,8038.5202685613685
2010-05,13364.556933927537,7396.639840128265
2010-06,13816.32597961679,7009.435764715977
2010-07,15322.734961976197,7500.521049761874
2010-08,13918.272733147627,7161.9474540396195
2010-09,15064.979287687243,7801.08919104842
2010-10,16037.931786605128,8097.938897749035
2010-11,16387.406164489934,8098.960544386006
2010-12,17503.628501861458,8640.229231964171
2011-01,19054.140734787074,8845.00752516578
2011-02,19332.769691219786,9148.028516312674
2011-03,18230.293903337606,9151.665139351504
2011-04,18717.74069193537,9422.687838563868
2011-05,18709.12154873173,9316.027530583302
2011-06,19127.16180115377,9160.737241763598
2011-07,17744.887372199555,8974.47130534813
2011-08,19166.899593436196,8486.941330644859
2011-09,18308.599803263136,7890.340600426916
2011-10,18153.357620688275,8752.692173578163
2011-11,20408.49858539788,8733.3626990228
2011-12,22367.36299635737,8822.694922246605
2012-01,23451.161612555894,9218.072170754667
2012-02,24940.143395780273,9616.677982267845
2012-03,26397.384692197014,9933.14300508778
2012-04,27602.60538988478,9870.822560232504
2012-05,25162.54090452516,9277.57311034033
2012-06,26390.939619635243,9659.832575661963
2012-07,26882.39450660679,9793.995531293665
2012-08,29338.640941371013,10014.589393332459
2012-09,32703.730766618082,10273.392240972918
2012-10,33448.153964502824,10083.69321268458
2012-11,34313.05310596532,10142.172505633274
2012-12,34329.36572000662,10234.610574541544
2013-01,36401.61240161681,10764.722461809222
2013-02,36687.78684725044,10910.858836669731
2013-03,37039.75329886883,11320.049266514583
2013-04,34872.62834829115,11538.149871770376
2013-05,33811.09624560355,11808.028207025118
2013-06,32460.870860912295,11649.468449426746
2013-07,36206.78355694172,12242.268933511656
2013-08,34719.68775244939,11887.716644708913
2013-09,35877.1717781072,12260.494949882945
2013-10,36635.162058389935,12824.07673923118
2013-11,39911.21731504794,13214.876531908749
2013-12,40107.450410999314,13549.445851481114
2014-01,41766.29307338102,13080.95901091835
2014-02,43476.982833894,13679.357599768933
2014-03,40899.72205427793,13794.313798165926
2014-04,39337.44842977708,13896.273932995346
2014-05,39039.46064156809,14222.506456377734
2014-06,42011.819797093565,14516.290724316537
2014-07,38958.17464336229,14316.088889243627
2014-08,41967.65514989084,14888.783686777508
2014-09,39703.5833359768,14680.04052664687
2014-10,41437.12209091126,15038.597590450398
2014-11,42560.05397866341,15443.046941370552
2014-12,38907.136721414885,15404.142557618527
2015-01,38810.63065444328,14941.704783032284
2015-02,41660.87977129596,15800.459641216457
2015-03,41829.33325063154,15550.56527289389
2015-04,42648.66979070595,15699.766587665314
2015-05,42260.94845681522,15901.64356405021
2015-06,44305.7870501742,15593.801677835107
2015-07,42419.72330739903,15920.52407279831
2015-08,39441.526748586046,14959.971705177124
2015-09,37670.22433937416,14589.808376404952
2015-10,42623.009145186435,15820.52541969573
2015-11,45630.354937891396,15867.562070769982
2015-12,42230.44849691982,15617.299550485457
2016-01,42235.23113747738,14842.318718831173
2016-02,43282.48143794701,14822.294843827243
2016-03,46389.784103450496,15827.799663475185
2016-04,46463.14206418168,15889.179275538796
2016-05,48130.81954513121,16174.505027668765
2016-06,49859.950336418144,16216.433445558157
2016-07,51045.972778148214,16814.30025935258
2016-08,52711.76113182023,16837.921847025376
2016-09,52950.48699733373,16841.068598483394
2016-10,52050.831062510515,16533.879209241513
2016-11,56777.66365175072,17146.21369674954
2016-12,58044.625751685715,17485.115037511092
2017-01,56147.34374142759,17816.741136791403
2017-02,58977.72238786632,18524.21147885845
2017-03,61322.48197634828,18545.787777853715
2017-04,64464.40919630307,18736.26301813772
2017-05,61670.10028668294,18999.92966202353
2017-06,62961.00392631491,19118.52248345935
2017-07,63740.313007924335,19511.65290752751
2017-08,64763.29431996889,19571.39928175448
2017-09,66002.68145874316,19975.113326452516
2017-10,67015.54334567118,20441.227632149345
2017-11,67628.93667558781,21068.15151298983
2017-12,67360.35945054419,21302.393935569416
2018-01,64671.961313192194,22522.03648894771
2018-02,60951.872987046336,21691.968550444053
2018-03,63522.06213355358,21140.688424214823
2018-04,65333.06140395689,21221.807566271094
2018-05,66805.39682732093,21732.876319398267
2018-06,66986.50745941584,21866.630217294463
2018-07,69766.9123922735,22680.39171767833
2018-08,71711.8822721069,23419.409390469056
2018-09,68745.16531005026,23552.71432255799
2018-10,66998.93161981093,21942.88656080718
2018-11,68997.85497469002,22390.040541612398
2018-12,61789.19087025718,20368.447281686636
2019-01,67738.53754313802,22000.669457903718
2019-02,72056.49687007032,22707.07824526204
2019-03,69052.0036595544,23148.30587741138
2019-04,73646.15969154959,24085.56490124997
2019-05,74329.35627437024,22554.974615972107
2019-06,77957.60152937447,24144.57497155303
2019-07,81347.11147322883,24491.60758193501
2019-08,84434.071386499,24103.627294527058
2019-09,83103.01749512901,24554.622427238854
2019-10,83198.88440737172,25086.451359293867
2019-11,83715.16400104249,25997.065759024088
2019-12,84578.70297086517,26781.730284290137
2020-01,84890.28302983585,26771.22847520736
2020-02,73123.6585720449,24567.454867712226
2020-03,40992.99141651407,21533.04263628731
2020-04,52558.055439431075,24293.45003783784
2020-05,63297.90458789515,25450.484808244208
2020-06,63540.241835054156,25956.64885935248
2020-07,62269.9926536563,27420.219524325716
2020-08,62577.46700934386,29391.17941821015
2020-09,61551.947969656525,28274.39792438119
2020-10,57409.74045044193,27522.505907641746
2020-11,65713.67647073872,30535.220120452537
2020-12,68055.33159339463,31709.255729427263
2021-01,67972.60670991246,31389.11118239136
2021-02,78791.89051185038,32254.65141047597
2021-03,84545.25912096232,33667.26345862306
2021-04,92410.38865723903,35464.0525549397
2021-05,89664.79404301496,35711.73801149053
2021-06,90037.72036177732,36545.4455661384
2021-07,90545.19662233489,37413.55786944773
2021-08,92025.51675699187,38551.141445679874
2021-09,91399.3592237702,36758.15159779448
2021-10,97917.83067736469,39333.475339555334
2021-11,99753.04855946568,39060.943117528775
2021-12,100935.82485082389,40811.51467594396
2022-01,100020.13967105099,38699.64736230094
2022-02,99145.46114738192,37540.89654480903
2022-03,97527.46141673998,38934.789711898644
2022-04,92504.6057316594,35539.61449800385
2022-05,88124.87194275252,35604.792360796906
2022-06,89743.27468721365,32665.844227821213
2022-07,105447.98646188423,35677.78023323275
2022-08,98234.5743508939,34222.791799090795
2022-09,79782.1143569029,31070.890204414132
2022-10,88161.26912829922,33586.42965927985
2022-11,91781.61153419253,35463.39806256288
2022-12,89459.6977915866,33420.18660016652
2023-01,96284.1448932285,35520.119404950696
2023-02,104080.08829151186,34653.43581061026
2023-03,97616.70378932956,35925.71311982848
2023-04,100810.82129887103,36486.47340850351
2023-05,99233.32445705892,36645.07606727902
2023-06,101300.76016120239,39066.41850497379
2023-07,107587.20900257307,40321.407637507
2023-08,103234.63456682587,39679.44639522859
2023-09,105279.43222909383,37787.60425360183
2023-10,99386.97347562974,36993.04651734729
2023-11,108352.1796081462,40371.46832271862
2023-12,114706.13326423326,42205.571466127774
2024-01,120812.25860987467,42914.797763352115
2024-02,122610.74556060994,45206.27135393621
2024-03,128401.3488683616,46660.768918795555
2024-04,135307.318109119,44754.90707156066
2024-05,134303.96482948776,46974.08719015747
2024-06,139915.59221896812,48659.60060999488
2024-07,142495.8756022282,49251.90822939359
2024-08,138232.40500307022,50446.58030227371
2024-09,141845.18460276257,51523.97053387522
2024-10,145941.48003204275,51056.75077459073
2024-11,158431.73469348397,54053.81104625495
2024-12,168963.19106342044,52765.271197795875
2025-01,179481.04571695882,54234.64250099895
2025-02,176844.11370373715,53527.0085358377
2025-03,166093.02739651734,50511.06775542538
2025-04,158068.92150274722,50168.5287939232
2025-05,168656.79980737198,53326.39864073107
2025-06,176921.656081388,56038.176061442464
2025-07,194499.1289942546,57295.823071554674
2025-08,200082.02905493494,58457.31158276909
2025-09,193549.31358166804,60591.000630048686
2025-10,173965.95273135926,62009.66074647051
2025-11,178184.08427585696,62161.6386653344
2025-12,187113.13251228188,62199.68702094725
2026-01,198528.41078191056,63101.59747022733
2026-02,177516.83192725852,62622.034144348494
2026-03,167157.60099412175,59503.765077144795
2026-04,177100.6068112956,65747.29111491679
2026-05,163165.7491149242,69207.77189743426
2026-06,167117.86635038478,68548.69009237223
2026-07,176158.2975310917,68505.16634931436
2026-08,191654.22925614275,70370.77292456826
2026-09,180858.030589536,70127.50130075372
2026-10-09,177422.03552047306,71618.37108221212
